epoch,loss,mse,val_loss,val_mse
0,0.18616305444008266,0.1861631,0.4637676408657661,0.4650263
1,0.04191038342892701,0.041910373,0.38697186227028185,0.38826686
2,0.03274684489875493,0.03274685,0.3105150999931189,0.31181264
3,0.024722830341876795,0.024722831,0.25684526276129943,0.25812697
